{"UUID":"733pJVp89j0iwi1G0075KQ","layoutMainAxisSizing":null,"layoutCrossAxisSizing":null,"name":"costaosta2134  V2 (Copy)","isVisible":true,"boundaryRectangle":null,"style":null,"prototypeNodeUUID":null,"child":null,"constraints":null,"debug":false,"pngPath":"/usr/src/app/temp-out/pb-tmp-b6d9c683-25de-46c5-8ef3-4da144766c77/popgrape/lib/assets/images","pages":[{"UUID":"0:1","layoutMainAxisSizing":null,"layoutCrossAxisSizing":null,"name":"UI Kit","isVisible":true,"boundaryRectangle":null,"style":null,"prototypeNodeUUID":null,"child":null,"constraints":null,"convert":true,"screens":[],"pbdlType":"page"},{"UUID":"427:5772","layoutMainAxisSizing":null,"layoutCrossAxisSizing":null,"name":"Spam","isVisible":true,"boundaryRectangle":null,"style":null,"prototypeNodeUUID":null,"child":null,"constraints":null,"convert":true,"screens":[],"pbdlType":"page"}],"miscPages":[],"sharedStyles":[],"globalStyles":{"UUID":"","layoutMainAxisSizing":null,"layoutCrossAxisSizing":null,"name":"","isVisible":false,"boundaryRectangle":null,"style":null,"prototypeNodeUUID":null,"child":null,"constraints":null,"pbdlType":"global_styles","designSystem":"material","colors":[{"UUID":"21:665","layoutMainAxisSizing":null,"layoutCrossAxisSizing":null,"name":"#B154F0","isVisible":false,"boundaryRectangle":null,"style":null,"prototypeNodeUUID":null,"child":null,"constraints":null,"description":"","pbdlType":"global_color","color":{"a":1.0,"r":0.6941176652908325,"g":0.3294117748737335,"b":0.9411764740943909}},{"UUID":"43:349","layoutMainAxisSizing":null,"layoutCrossAxisSizing":null,"name":"#FFFFFF","isVisible":false,"boundaryRectangle":null,"style":null,"prototypeNodeUUID":null,"child":null,"constraints":null,"description":"","pbdlType":"global_color","color":{"a":1.0,"r":1.0,"g":1.0,"b":1.0}},{"UUID":"20:39","layoutMainAxisSizing":null,"layoutCrossAxisSizing":null,"name":"#641187","isVisible":false,"boundaryRectangle":null,"style":null,"prototypeNodeUUID":null,"child":null,"constraints":null,"description":"","pbdlType":"global_color","color":{"a":1.0,"r":0.3921568691730499,"g":0.06666667014360428,"b":0.529411792755127}},{"UUID":"21:666","layoutMainAxisSizing":null,"layoutCrossAxisSizing":null,"name":"Background","isVisible":false,"boundaryRectangle":null,"style":null,"prototypeNodeUUID":null,"child":null,"constraints":null,"description":"","pbdlType":"global_color","color":{"a":1.0,"r":0.05098039284348488,"g":0.062745101749897,"b":0.1725490242242813}},{"UUID":"179:2833","layoutMainAxisSizing":null,"layoutCrossAxisSizing":null,"name":"#2C1B47","isVisible":false,"boundaryRectangle":null,"style":null,"prototypeNodeUUID":null,"child":null,"constraints":null,"description":"","pbdlType":"global_color","color":{"a":1.0,"r":0.1725490242242813,"g":0.10588235408067703,"b":0.27843138575553894}},{"UUID":"342:2898","layoutMainAxisSizing":null,"layoutCrossAxisSizing":null,"name":"#FA2B5C","isVisible":false,"boundaryRectangle":null,"style":null,"prototypeNodeUUID":null,"child":null,"constraints":null,"description":"","pbdlType":"global_color","color":{"a":1.0,"r":0.9791666865348816,"g":0.16727429628372192,"b":0.36212867498397827}},{"UUID":"179:2832","layoutMainAxisSizing":null,"layoutCrossAxisSizing":null,"name":"#0D102C","isVisible":false,"boundaryRectangle":null,"style":null,"prototypeNodeUUID":null,"child":null,"constraints":null,"description":"","pbdlType":"global_color","color":{"a":1.0,"r":0.05098039284348488,"g":0.062745101749897,"b":0.1725490242242813}},{"UUID":"179:2834","layoutMainAxisSizing":null,"layoutCrossAxisSizing":null,"name":"#724C9D","isVisible":false,"boundaryRectangle":null,"style":null,"prototypeNodeUUID":null,"child":null,"constraints":null,"description":"","pbdlType":"global_color","color":{"a":1.0,"r":0.4470588266849518,"g":0.2980392277240753,"b":0.615686297416687}},{"UUID":"179:2836","layoutMainAxisSizing":null,"layoutCrossAxisSizing":null,"name":"#3D51F2","isVisible":false,"boundaryRectangle":null,"style":null,"prototypeNodeUUID":null,"child":null,"constraints":null,"description":"","pbdlType":"global_color","color":{"a":1.0,"r":0.239215686917305,"g":0.3176470696926117,"b":0.9490196108818054}},{"UUID":"179:2835","layoutMainAxisSizing":null,"layoutCrossAxisSizing":null,"name":"#DCCAE9","isVisible":false,"boundaryRectangle":null,"style":null,"prototypeNodeUUID":null,"child":null,"constraints":null,"description":"","pbdlType":"global_color","color":{"a":1.0,"r":0.8627451062202454,"g":0.7921568751335144,"b":0.9137254953384399}},{"UUID":"348:4907","layoutMainAxisSizing":null,"layoutCrossAxisSizing":null,"name":"Neutral / 10","isVisible":false,"boundaryRectangle":null,"style":null,"prototypeNodeUUID":null,"child":null,"constraints":null,"description":"FFFFFF","pbdlType":"global_color","color":{"a":1.0,"r":1.0,"g":1.0,"b":1.0}}],"textStyles":[{"UUID":"14:3945","layoutMainAxisSizing":null,"layoutCrossAxisSizing":null,"name":"body/large/semibold","isVisible":false,"boundaryRectangle":null,"style":null,"prototypeNodeUUID":null,"child":null,"constraints":null,"description":"Previous style:\nbody/large/semibold","pbdlType":"global_text_style","textStyle":{"UUID":"","layoutMainAxisSizing":null,"layoutCrossAxisSizing":null,"name":"","isVisible":false,"boundaryRectangle":null,"style":null,"prototypeNodeUUID":"","child":null,"constraints":null,"fontFamily":"SF Pro Display","fontPostScriptName":"SFProDisplay-Semibold","paragraphSpacing":0,"paragraphIndent":0,"listSpacing":0,"italics":null,"fontWeight":600,"fontSize":16.0,"textCase":"ORIGINAL","textDecoration":"NONE","textAutoResize":"WIDTH_AND_HEIGHT","textAlignHorizontal":"LEFT","textAlignVertical":"TOP","letterSpacing":0.20000000298023224,"fills":null,"hyperLink":null,"opentypeFlags":{},"lineHeightPx":22.399999618530273,"lineHeightPercent":117.31587219238281,"lineHeightPercentFontSize":140.0,"lineHeightUnit":"FONT_SIZE_%","pbdlType":"text_style"}}],"themeColors":[],"themeTextStyles":[]},"pbdlType":"project","azure_container_uri":"https://pbnestcore.blob.core.windows.net/733pjvp89j0iwi1g0075kq"}